Date,Close/Last,Volume,Open,High,Low
10/08/2021,$147.83,1809874,$153.66,$154.195,$147.21
10/07/2021,$153.68,980213,$152,$154.82,$150.35
10/06/2021,$151.4,1012793,$148.1,$151.74,$147.12
10/05/2021,$150.12,1025133,$149.07,$151.5739,$148.21
10/04/2021,$148.52,1079554,$151.15,$152.65,$147.44
10/01/2021,$151.91,679833,$150.59,$152.52,$149.1141
09/30/2021,$148.7,965708,$150.1,$151.36,$146.57
09/29/2021,$150.52,854508,$149.76,$151.81,$148.81
09/28/2021,$149.4,1369448,$147.91,$149.99,$147.1907
09/27/2021,$149.15,1430844,$144.49,$149.6,$144.09
09/24/2021,$145.56,1227888,$142.51,$146.26,$142.3903
09/23/2021,$142.16,1898287,$140.08,$145.095,$139.3036
09/22/2021,$138.37,2285717,$137.89,$139.85,$136.57
09/21/2021,$138.03,1556314,$139.66,$140.81,$137.6
09/20/2021,$138.92,1766307,$137.58,$139.6394,$137.01
09/17/2021,$139.67,2320841,$139.91,$140.63,$137.8
09/16/2021,$139.89,1346128,$142.04,$142.43,$139.3816
09/15/2021,$141.9,1873654,$140.4,$142.22,$139.03
09/14/2021,$139.96,2226564,$142.12,$142.71,$139.12
09/13/2021,$142.02,1931001,$142.14,$144.9,$141.41
09/10/2021,$141.32,1995073,$145.92,$146.25,$140.81
09/09/2021,$145.55,1426552,$145.22,$146.45,$144.31
09/08/2021,$145.73,1095936,$145.83,$146.67,$145.09
09/07/2021,$145.63,1413137,$146.52,$146.835,$144.96
09/03/2021,$145.11,1096113,$145.9,$147.98,$145.06
09/02/2021,$146.17,1206731,$147.18,$147.31,$145.62
09/01/2021,$146.86,1766911,$146.96,$148.3,$146.16
08/31/2021,$148.87,1410563,$150.08,$150.39,$147.75
08/30/2021,$149.59,2030775,$148.03,$150.59,$148.03
08/27/2021,$148.18,5420564,$149.21,$150,$143.12
08/26/2021,$158.8,1842981,$158.42,$159.87,$157.02
08/25/2021,$158.49,829098,$157.61,$160,$156.07
08/24/2021,$156.9,947604,$157.87,$158.95,$156.23
08/23/2021,$157.79,768431,$156.51,$158.3,$155.61
08/20/2021,$155.38,926302,$153.81,$156.57,$153.64
08/19/2021,$153.07,756843,$153.58,$154.09,$151.9
08/18/2021,$154.47,753808,$154.61,$155.79,$154.32
08/17/2021,$155.51,1158743,$156.72,$156.91,$154.84
08/16/2021,$157.34,669495,$157.56,$158,$155.26
08/13/2021,$157.66,645460,$156.7,$157.66,$156.44
08/12/2021,$156.61,634674,$156.7,$157.79,$156.0307
08/11/2021,$157.36,683212,$157.45,$157.56,$156.49
08/10/2021,$156.84,659448,$158,$158.5,$156.04
08/09/2021,$157.24,868031,$156.15,$158.33,$155.77
08/06/2021,$157.38,537842,$158.32,$158.85,$157.04
08/05/2021,$158.62,572833,$157.44,$158.65,$157.0641
08/04/2021,$156.77,610920,$156.7,$157.5,$155.66
08/03/2021,$157.31,816510,$154.06,$158.14,$153.71
08/02/2021,$154.17,840458,$154.44,$155.08,$153.53
07/30/2021,$153.74,675452,$153.87,$155.16,$153.17
07/29/2021,$154.67,989537,$155.07,$155.805,$151.94
07/28/2021,$155.51,488089,$156.91,$157.9,$155.14
07/27/2021,$156.99,619074,$156.67,$159.4,$155.11
07/26/2021,$157.4,493598,$157.76,$158.19,$156.86
07/23/2021,$158.34,635563,$157.25,$158.62,$156.79
07/22/2021,$156.92,421767,$156.32,$158,$155.58
07/21/2021,$156.32,675222,$155.36,$157.37,$154.72
07/20/2021,$155.31,1162212,$151.75,$156.5,$151.43
07/19/2021,$150.84,868090,$148.34,$151.68,$147.85
07/16/2021,$150.07,715088,$151.86,$152.16,$149.78
07/15/2021,$150.95,854425,$150.16,$153.01,$148.92
07/14/2021,$150.52,1125616,$152.37,$152.89,$150.32
07/13/2021,$151.21,1394185,$153.42,$153.74,$150.61
07/12/2021,$154.41,989915,$159.04,$159.1,$154.26
07/09/2021,$159.48,828169,$158.8,$159.77,$157.46
07/08/2021,$158.22,834588,$156.06,$159.39,$155.59
07/07/2021,$158.02,651086,$157,$158.9696,$156.77
07/06/2021,$156.77,650052,$157.01,$158.7,$155.9
07/02/2021,$157.68,627795,$156.05,$157.88,$155.41
07/01/2021,$156.13,1314699,$158.53,$158.955,$155.04
06/30/2021,$159.97,956185,$161.57,$162.05,$159.94
06/29/2021,$161.78,980278,$160,$164,$159.325
06/28/2021,$159.5,880082,$157.42,$159.9,$156.96
06/25/2021,$157.12,1627537,$157.09,$158.68,$156.75
06/24/2021,$155.82,521391,$157,$157.3425,$155.66
06/23/2021,$155.98,655857,$158.11,$158.365,$155.8501
06/22/2021,$157.64,971623,$157,$158.01,$156.01
06/21/2021,$157.34,900801,$155.39,$158.73,$154.28
06/18/2021,$154.52,2334471,$156.76,$156.89,$153.34
06/17/2021,$156.95,767995,$156.99,$158.05,$156.06
06/16/2021,$157.36,880187,$159.18,$159.6059,$156.4
06/15/2021,$158.95,1012243,$160.72,$160.87,$158.58
06/14/2021,$160.57,1186591,$163.76,$164.485,$159.22
06/11/2021,$164.19,749872,$164,$164.73,$163.09
06/10/2021,$163.49,1108358,$162,$163.875,$161.97
06/09/2021,$162,1281936,$162.87,$163.4,$161.83
06/08/2021,$162.07,859917,$161.8,$163.43,$161.38
06/07/2021,$161.15,814759,$161.47,$161.745,$160.27
06/04/2021,$161.37,942585,$161.13,$162.05,$160.31
06/03/2021,$159.97,1006921,$158.27,$161.28,$157.8
06/02/2021,$159.6,1447411,$160.23,$162.73,$158.91
06/01/2021,$161.26,1775874,$159.34,$162.37,$157.6
05/28/2021,$157.89,1655276,$161.47,$161.51,$156.25
05/27/2021,$161.21,1509492,$161.2,$161.695,$159.57
05/26/2021,$160.74,858837,$161.31,$162.26,$160.46
05/25/2021,$161.12,796171,$163.47,$163.54,$161.02
05/24/2021,$162.19,836425,$161.52,$163.5,$161.16
05/21/2021,$161.38,721156,$162.57,$163.9,$161.09
05/20/2021,$161.68,769632,$160.35,$162.0025,$160.1
05/19/2021,$159.89,1067667,$159.86,$160.75,$157.86
05/18/2021,$162.39,693998,$164.41,$164.41,$162.16
05/17/2021,$163.48,775856,$164.04,$164.82,$162.89
05/14/2021,$164.3,875928,$163.24,$164.97,$162.6
05/13/2021,$162.13,1205562,$157.44,$162.325,$157.44
05/12/2021,$156.48,1341390,$160.13,$161.35,$156.19
05/11/2021,$160.97,1585741,$160.87,$161.5,$158.36
05/10/2021,$163.66,1194735,$162.63,$164.41,$162.61
05/07/2021,$163.41,1204640,$163.13,$165.6237,$162.9
05/06/2021,$162.33,1049761,$160.36,$162.6,$160.1801
05/05/2021,$160.04,597022,$161.41,$161.998,$159.05
05/04/2021,$160.68,1165615,$159.1,$161.2,$157.32
05/03/2021,$160.6,977731,$160.4,$162.43,$160.06
04/30/2021,$160.83,709287,$161.56,$162.48,$159.88
04/29/2021,$162.57,727860,$164.01,$164.46,$160.82
04/28/2021,$160.61,746012,$163.14,$163.245,$159.81
04/27/2021,$162.77,752552,$162.29,$163.94,$161.7
04/26/2021,$161.82,884020,$166.22,$166.55,$161.76
04/23/2021,$165.74,922780,$164.07,$167.31,$163.54
04/22/2021,$164.53,1180902,$165,$166.12,$163.03
04/21/2021,$165.99,1032756,$165.87,$167.9,$165.67
04/20/2021,$165.88,1510884,$169.68,$169.73,$165.3
04/19/2021,$170.03,2574936,$164,$172,$163.955
04/16/2021,$164.1,2322083,$160.5,$165.08,$160
04/15/2021,$160.08,3756936,$156.79,$162.89,$153.61
04/14/2021,$155.49,956872,$154.77,$157.58,$154.355
04/13/2021,$154.4,708892,$155,$156,$153.87
04/12/2021,$154.72,624356,$154.2,$155.97,$153.26
04/09/2021,$154,517707,$152.56,$154.28,$152.01
04/08/2021,$152.56,694280,$153.54,$154,$150.27
04/07/2021,$153.57,922549,$151,$156.25,$151
04/06/2021,$150.72,955877,$152.01,$152.4,$150.18
04/05/2021,$152.45,825155,$151.79,$154.11,$151.01
04/01/2021,$152.4,732393,$152.27,$152.74,$150.83
03/31/2021,$150.45,833431,$150.84,$151.69,$149.04
03/30/2021,$150.19,1036238,$154.06,$155.2342,$149.8201
03/29/2021,$154.61,1482344,$153,$156.5986,$151.49
03/26/2021,$153.94,1662696,$147.16,$154,$146.835
03/25/2021,$146.59,1170817,$143.11,$146.63,$142.74
03/24/2021,$144.54,912049,$144.97,$146.53,$144.45
03/23/2021,$144.71,807657,$146.55,$147.19,$144.28
03/22/2021,$146,890789,$145.28,$147.29,$145.2
03/19/2021,$145.98,1771349,$147,$148.63,$145.6975
03/18/2021,$146.92,1039863,$148.48,$149.8,$146.4378
03/17/2021,$149.85,844647,$147.52,$150.74,$146.915
03/16/2021,$147.85,1043056,$149.09,$150.51,$147.19
03/15/2021,$149.43,884293,$148.16,$149.45,$147.29
03/12/2021,$148.16,871380,$147.2,$148.38,$145.7
03/11/2021,$147.54,1070935,$148,$149.17,$146.775
03/10/2021,$145.84,1006565,$145.53,$146.48,$143.365
03/09/2021,$144.38,1069810,$145.38,$147.74,$144.12
03/08/2021,$143.63,1413836,$143.67,$147.99,$143.17
03/05/2021,$143.89,1569760,$140,$144.08,$138.58
03/04/2021,$139.07,1491445,$138.54,$140.17,$135.8501
03/03/2021,$139.07,919021,$139,$139.89,$137.71
03/02/2021,$139.24,966982,$140.99,$141.14,$138.86
03/01/2021,$140.41,1664426,$138.51,$143.58,$138.12
02/26/2021,$138.21,2187989,$141.5,$144.2387,$137.92
02/25/2021,$143.53,1780242,$146.32,$147.5,$142.69
02/24/2021,$146.76,1050739,$144.3,$147.4,$143.98
02/23/2021,$144.18,1143520,$142.97,$144.22,$139.6101
02/22/2021,$143.87,1148875,$143.91,$147.13,$142.54
02/19/2021,$144.68,890801,$142.94,$144.8121,$141.81
02/18/2021,$142.49,1069223,$141.3,$143.4,$139.39
02/17/2021,$141.31,1164773,$142.35,$142.65,$140.01
02/16/2021,$143.19,844740,$146.51,$147.03,$141.8665
02/12/2021,$145.13,868761,$141.93,$145.59,$141.5
02/11/2021,$143,1493189,$144.49,$145.4,$142.05
02/10/2021,$146.51,1134378,$147.5,$148.365,$144.8
02/09/2021,$147.66,866134,$146.09,$148.6,$146.07
02/08/2021,$146.8,865674,$146.02,$148.73,$146.01
02/05/2021,$145.72,921003,$146,$146.64,$144.84
02/04/2021,$144.68,872447,$143.39,$146,$142.56
02/03/2021,$142.34,1203394,$143.2,$145.11,$142.07
02/02/2021,$142.72,2016520,$142,$143.95,$141.2
02/01/2021,$137.67,1382811,$138.35,$139.81,$136.45
01/29/2021,$137.85,1472719,$140.58,$142.77,$137.305
01/28/2021,$140.29,2678267,$145.18,$146.8,$138.7901
01/27/2021,$145.46,3451147,$139,$146.98,$138.45
01/26/2021,$140.58,1730150,$137.33,$141.44,$135.11
01/25/2021,$136.28,1585104,$135.01,$136.91,$132.5535
01/22/2021,$134.5,1592114,$133.06,$135.17,$131.31
01/21/2021,$134.09,2859211,$131.25,$134.93,$130.5
01/20/2021,$132.67,2906369,$133.25,$134.15,$131.75
01/19/2021,$132.3,2227097,$135.92,$135.92,$132.17
01/15/2021,$134.81,2393180,$135.91,$137.48,$134.07
01/14/2021,$135.55,3351536,$131.55,$136.57,$131.51
01/13/2021,$133.2,7103935,$136,$137.72,$131.611
01/12/2021,$142.91,1040281,$141.24,$144.8661,$140.56
01/11/2021,$141.5,1152082,$140.77,$142.75,$139.0601
01/08/2021,$142.86,1450224,$143.18,$145.05,$140.9
01/07/2021,$144.05,1099945,$139.27,$144.19,$139.01
01/06/2021,$139.39,942340,$138.61,$141.96,$138.32
01/05/2021,$139.79,774914,$138.69,$140.0972,$137.7
01/04/2021,$138.68,1010043,$139.44,$140.23,$135.89
12/31/2020,$140.26,985690,$138.28,$141.03,$137.555
12/30/2020,$138.05,957869,$139.81,$140.74,$138.01
12/29/2020,$139.42,731297,$142.98,$143.77,$139.04
12/28/2020,$141.91,666586,$143.87,$143.886,$141.1701
12/24/2020,$142.9,346119,$141.69,$143.06,$141.16
12/23/2020,$142.08,940631,$140.72,$144.13,$140.72
12/22/2020,$140.54,897584,$142.74,$142.935,$140.51
12/21/2020,$142.23,1685691,$137.6,$143.6,$136.27
12/18/2020,$140.14,4510130,$148.51,$149.325,$137.56
12/17/2020,$148.1,1336793,$145,$148.4,$144.6255
12/16/2020,$144.39,994175,$145.35,$146,$143.7204
12/15/2020,$144.71,981249,$144.4,$145.8,$142.8829
12/14/2020,$143.66,1184503,$142,$145.545,$142
12/11/2020,$141.85,1001869,$140.81,$141.9,$139.56
12/10/2020,$141.84,984702,$140.52,$142.33,$139.57
12/09/2020,$141.16,1828303,$141.42,$142.47,$138.7
12/08/2020,$142.18,1480586,$139.4,$142.27,$139.05
12/07/2020,$139.74,1429638,$140.21,$141.5,$138.8209
12/04/2020,$140.23,1441117,$140.55,$141.82,$139.58
12/03/2020,$140.5,1478020,$141.84,$142.776,$140.11
12/02/2020,$141.32,1416574,$140.58,$142.39,$140.235
12/01/2020,$140.75,1821003,$141.7,$141.99,$139.75
11/30/2020,$139.89,2051941,$142.5,$143.23,$139.305
11/27/2020,$142.08,1012507,$141.86,$143.315,$141.1968
11/25/2020,$141.69,4423352,$145.89,$146.39,$139.6701
11/24/2020,$150.51,2152084,$149.99,$151.24,$147.73
11/23/2020,$148.94,1201171,$148.5,$149.88,$146.38
11/20/2020,$147.8,986657,$148.09,$149.72,$147.64
11/19/2020,$148.68,757518,$146.18,$149.04,$145.02
11/18/2020,$147.24,1133485,$146.97,$149.23,$145.985
11/17/2020,$146.09,652847,$144.6,$146.2,$144.34
11/16/2020,$144.6,1003084,$141.69,$144.65,$140.77
11/13/2020,$141.86,668586,$140,$142.43,$139.39
11/12/2020,$138.46,611437,$140.51,$141.38,$137.755
11/11/2020,$140.56,838459,$141.68,$142.58,$140.3
11/10/2020,$139.95,927894,$140.8,$141.8275,$136.81
11/09/2020,$140.86,1133901,$144.99,$146.22,$140.86
11/06/2020,$140.29,625474,$141.22,$141.62,$138.87
11/05/2020,$140.74,1161413,$136.78,$140.98,$136.43
11/04/2020,$133.74,828806,$134.07,$135.78,$132.265
11/03/2020,$131.93,941257,$128.51,$132.9,$127.66
11/02/2020,$127,1415703,$130.03,$131.37,$126.79
10/30/2020,$128.73,1093335,$129,$130.345,$126.91
10/29/2020,$129.76,1912789,$129.65,$130.72,$128.36
10/28/2020,$129.89,1732034,$136,$136.58,$129.7
10/27/2020,$139.1,810326,$142.46,$142.76,$139.05
10/26/2020,$142.62,2292441,$147.47,$147.47,$140.15
10/23/2020,$149.2,495252,$148.8,$150.46,$147.55
10/22/2020,$147.72,864704,$150,$150,$145.81
10/21/2020,$149.69,603212,$149.85,$151.2,$148.84
10/20/2020,$149.56,694358,$151.36,$151.78,$149.49
10/19/2020,$149.92,708124,$153,$154.38,$149.26
10/16/2020,$152.61,652429,$154.6,$155.96,$152.53
10/15/2020,$153.18,934938,$152.66,$155.29,$152.04
10/14/2020,$155.66,877150,$156,$157.48,$154.54
10/13/2020,$155.04,1257492,$153.39,$156,$152.6801
10/12/2020,$152.22,661838,$151.65,$153.5,$151.44
10/09/2020,$151.48,851700,$151.5,$152.98,$150.34
10/08/2020,$150.25,1043267,$148.95,$151.3,$148.01
10/07/2020,$147.75,939218,$148.29,$149.12,$146.95
10/06/2020,$147,1352155,$145,$148.6,$144.8
10/05/2020,$145.06,731712,$144.01,$146,$143.66
10/02/2020,$142.95,823384,$141.16,$145.58,$141
10/01/2020,$144.7,596972,$145,$146.4182,$144.2
09/30/2020,$143.67,866034,$144.59,$146.8,$142.76
09/29/2020,$145.74,1960604,$143.63,$148.45,$143.366
09/28/2020,$142.99,938275,$143,$144.19,$142.48
09/25/2020,$141.65,723971,$140.38,$141.84,$139.48
09/24/2020,$140.38,739703,$138.5,$141.26,$138
09/23/2020,$139.02,788298,$142.89,$143.37,$138.98
09/22/2020,$142.61,854914,$141,$142.856,$138.63
09/21/2020,$140.27,792734,$138.26,$140.48,$137.38
09/18/2020,$141.19,1614785,$141.08,$142.95,$139.76
09/17/2020,$141.39,1114015,$142.74,$143.28,$140.18
09/16/2020,$144.87,1107191,$143.95,$147.245,$143.49
09/15/2020,$143.15,789229,$142.01,$143.78,$141.72
09/14/2020,$140.82,923603,$143.2,$145.84,$140.31
09/11/2020,$142.01,1210025,$141.14,$143.15,$139.95
09/10/2020,$139.82,1009913,$140.69,$143.03,$138.77
09/09/2020,$140.13,1186625,$137.02,$141.55,$135.855
09/08/2020,$134.48,1564399,$134.46,$137.32,$132.86
09/04/2020,$137.47,1718344,$141.46,$143.45,$135.91
09/03/2020,$144.02,1656279,$146.49,$148.47,$140.54
09/02/2020,$147.03,1599639,$142.3,$147.54,$141.63
09/01/2020,$141.28,1433576,$142.4,$143.24,$140.9
08/31/2020,$144.44,1768496,$146.5,$150.2399,$142.73
08/28/2020,$146.09,2791857,$143.45,$147.79,$139.2101
08/27/2020,$142.9,3145722,$144.69,$146.9,$141.77
08/26/2020,$143.59,1416105,$143.14,$144.09,$141.64
08/25/2020,$140.69,1169218,$143.69,$144.15,$139.245
08/24/2020,$142.25,1066771,$140.13,$142.37,$139.7601
08/21/2020,$138.85,1050278,$138.7,$139.48,$137.46
08/20/2020,$138.92,1028529,$139.09,$139.27,$137.36
08/19/2020,$139.26,776075,$139.52,$140.84,$138.51
08/18/2020,$138.78,1752853,$136.92,$139.06,$136.92
08/17/2020,$136.42,1419943,$136.13,$138.78,$135.481
08/14/2020,$135.85,1206294,$137.15,$138.2767,$135.075
08/13/2020,$137.18,1507134,$140,$140.115,$137.17
08/12/2020,$140.72,1430532,$141,$141.6599,$139.3
08/11/2020,$140.87,609471,$141.82,$143.385,$140.57
08/10/2020,$141.46,726704,$142.31,$142.68,$139.25
08/07/2020,$142.31,630509,$143.73,$144.04,$140.8
08/06/2020,$144.34,1011992,$146.4,$146.4,$143.1669
08/05/2020,$145.9,957159,$144.11,$146.25,$143.25
08/04/2020,$143.28,625638,$142.52,$143.37,$141.56
08/03/2020,$143.17,1163494,$140,$144.23,$139.09
07/31/2020,$140.21,878453,$140.02,$140.26,$136.85
07/30/2020,$138.88,825207,$138.35,$139.38,$135.71
07/29/2020,$139.83,675737,$139.14,$140.52,$138.38
07/28/2020,$138.48,748643,$140.27,$141.16,$138.365
07/27/2020,$141.14,931532,$140.76,$141.36,$138.71
07/24/2020,$140.82,789998,$141.48,$141.94,$139.32
07/23/2020,$142.12,878821,$144.23,$145.33,$141.59
07/22/2020,$144.23,726369,$143.74,$145.585,$143
07/21/2020,$143.42,1009789,$146.25,$146.9,$143.08
07/20/2020,$145.01,1470376,$140.41,$145.35,$140.28
07/17/2020,$139.93,1648877,$140.01,$140.91,$137.43
07/16/2020,$139.87,3079519,$141,$145.85,$139.53
07/15/2020,$139.7,1046719,$141.7,$142.4013,$138.6
07/14/2020,$138.25,1526303,$137.53,$138.28,$134.7
07/13/2020,$138.4,1588339,$147,$147.05,$138.32
07/10/2020,$146.09,686980,$147.64,$147.73,$145.72
07/09/2020,$147.99,842771,$148.92,$149.46,$146.24
07/08/2020,$147,1229911,$145.99,$147.63,$145.32
07/07/2020,$145.53,1582992,$148.06,$148.82,$145.28
07/06/2020,$149.15,1552449,$151.86,$152.7,$149
07/02/2020,$149.88,1849623,$155,$155.91,$149.44
07/01/2020,$153.1,1381944,$154.9,$157,$152.06
06/30/2020,$154.86,2277561,$152.07,$156.8,$150.79
06/29/2020,$150.99,1276487,$147.78,$151.45,$146.26
06/26/2020,$146.5,2144071,$149.68,$151.63,$146.28
06/25/2020,$149.45,2386208,$151.94,$152.26,$146.96
06/24/2020,$152.73,5258642,$155.55,$161.951,$151.94
06/23/2020,$149.23,1560160,$149,$150.7717,$148.4
06/22/2020,$148,1295119,$150,$150.83,$146.41
06/19/2020,$150.69,3184633,$148.23,$152,$147.42
06/18/2020,$143.43,1420195,$141.44,$143.66,$139.46
06/17/2020,$141.24,1225517,$141,$143.77,$140.65
06/16/2020,$139.49,1254680,$140.02,$142.05,$138.33
06/15/2020,$136.89,1584006,$133.47,$137.93,$132.41
06/12/2020,$135.85,1332531,$139.47,$140.68,$133.21
06/11/2020,$136.29,1513872,$142.29,$142.86,$135.94
06/10/2020,$144.79,1467289,$147.05,$147.81,$144.27
06/09/2020,$146.41,1194204,$151.62,$151.85,$146.41
06/08/2020,$151.85,1358105,$151.2,$153.19,$148.64
06/05/2020,$149.77,1531144,$148.96,$152.19,$148.7
06/04/2020,$148.08,1318119,$148.51,$150.15,$146.88
06/03/2020,$149.39,1222637,$151.94,$152.49,$149.3
06/02/2020,$152.94,1678956,$154.58,$155.9866,$151.93
06/01/2020,$154.14,2120284,$153.92,$156.09,$152.18
05/29/2020,$156.27,5199432,$154.5,$157,$151.18
05/28/2020,$142.44,2256609,$140.32,$143.72,$139.61
05/27/2020,$139.66,1267519,$138.95,$140.25,$134.45
05/26/2020,$137.93,1523520,$139.32,$139.66,$136.3
05/22/2020,$134.6,1389551,$135.24,$135.8,$133.24
05/21/2020,$136.56,1194080,$139.46,$140.89,$135.32
05/20/2020,$140.07,1152360,$140.46,$141.44,$136.125
05/19/2020,$139.31,917457,$139,$141.6835,$137.72
05/18/2020,$139.03,1020065,$138,$140.73,$136.96
05/15/2020,$134.48,974988,$134.01,$135.245,$132
05/14/2020,$133.82,842683,$130.03,$134.1,$128.8
05/13/2020,$134.86,1258298,$137.5,$139.03,$132.2
05/12/2020,$138.05,1576697,$141.66,$141.8799,$136.85
05/11/2020,$141.12,1070330,$139.3,$142.69,$138.25
05/08/2020,$140.31,1553079,$135,$140.96,$134.3878
05/07/2020,$133.3,1489730,$129.02,$133.76,$127.97
05/06/2020,$126.87,868562,$128.43,$129.58,$126.75
05/05/2020,$126.78,943276,$126.97,$130.29,$126.02
05/04/2020,$126.34,768214,$124.43,$126.53,$122.7728
05/01/2020,$125.34,891405,$129,$129,$124.9
04/30/2020,$131.52,707989,$134.05,$134.32,$131
04/29/2020,$134.97,1273745,$131.44,$135.32,$130.12
04/28/2020,$129.63,797903,$132.14,$132.53,$129.2
04/27/2020,$129.95,599320,$130.06,$131.36,$129.7213
04/24/2020,$128.17,759116,$127.62,$129.61,$126.3835
04/23/2020,$126.42,1026961,$127.49,$128.75,$126
04/22/2020,$128,842344,$127.59,$128.9333,$126.2
04/21/2020,$124.97,2040408,$129.91,$130.59,$121.78
04/20/2020,$132.62,1719880,$133.58,$136.51,$132.065
04/17/2020,$136.48,1436506,$137.67,$138.5,$134.43
04/16/2020,$135.3,1710458,$135.24,$139.13,$134.09
04/15/2020,$133.54,1561212,$131.83,$135.39,$131.83
04/14/2020,$136.06,1954890,$133.1,$137,$131.64
04/13/2020,$129.93,2224839,$130.29,$131.89,$127.77
04/09/2020,$131.43,1051038,$132,$134.65,$129.84
04/08/2020,$130.46,1664776,$124.9,$131.5,$124.1
04/07/2020,$123.55,1827504,$126.29,$127.67,$122.64
04/06/2020,$122.94,1823640,$122.56,$123.49,$119.08
04/03/2020,$116.97,1330916,$117.86,$119.8,$114.73
04/02/2020,$118.2,1273632,$114.57,$119,$112.252
04/01/2020,$116,1454552,$116.88,$120.77,$114.2
03/31/2020,$121.1,1581803,$120.32,$124.75,$120.01
03/30/2020,$120.52,1403638,$116.46,$123,$116.1
03/27/2020,$115.74,2095578,$119.47,$120.21,$112.57
03/26/2020,$124.72,1982957,$116.74,$127.865,$116.6
03/25/2020,$116.2,1924569,$114,$123.28,$112.07
03/24/2020,$112.53,1678993,$113.58,$115.79,$106.08
03/23/2020,$105.74,1675829,$104.67,$109.36,$99.27
03/20/2020,$105.72,2554359,$103.85,$113.19,$102.22
03/19/2020,$100.19,2388203,$91.76,$105.68,$86.81
03/18/2020,$93.01,1676616,$90,$93.56,$87.82
03/17/2020,$95.84,2296543,$97.41,$99.32,$86
03/16/2020,$95.94,1812536,$96.56,$103.51,$95.24
03/13/2020,$107.88,2184363,$103.52,$108.08,$97.06
03/12/2020,$97.85,2690766,$96.738,$101.325,$96.38
03/11/2020,$106.01,1827429,$110.67,$112.21,$104.27
03/10/2020,$113.84,2155908,$113.93,$114.49,$106.2
03/09/2020,$109.45,2654013,$107.26,$112.52,$105.65
03/06/2020,$117.13,1952930,$117.76,$119.53,$114.56
03/05/2020,$121.88,1937431,$122.22,$124.2,$120.28
03/04/2020,$125.57,2274206,$122.49,$128.2,$121.75
03/03/2020,$120.59,2415496,$121.96,$126.4,$116.62
03/02/2020,$121.74,3551200,$120.84,$122.77,$116.67
02/28/2020,$120.52,5873255,$122.63,$128.52,$116
02/27/2020,$135.63,3042452,$140.07,$143.04,$135.45
02/26/2020,$144.27,1479140,$148.7,$150.2699,$143.27
02/25/2020,$147.04,1368136,$153.05,$153.28,$145.6788
02/24/2020,$151.69,1457462,$152.66,$153.43,$149.32
02/21/2020,$159.87,1381543,$159.23,$160.59,$158.16
02/20/2020,$162.2,1136410,$162.34,$163.12,$158.0801
02/19/2020,$162.33,711981,$161.5,$163.17,$161.25
02/18/2020,$160.36,678341,$160.49,$161.2,$159.22
02/14/2020,$161.82,1389010,$159.07,$161.97,$159
02/13/2020,$159.01,1031281,$158.17,$159.12,$156.45
02/12/2020,$158.87,1004240,$157.19,$159.37,$157
02/11/2020,$156.19,1339799,$159,$159.78,$155.94
02/10/2020,$157.87,829501,$154.34,$158.38,$153.51
02/07/2020,$156.27,847346,$156.67,$156.69,$154.63
02/06/2020,$157.5,1539387,$156.48,$158.73,$155.225
02/05/2020,$151.56,1159135,$155.1,$156.89,$151.25
02/04/2020,$153.6,946427,$151.5,$154.27,$150.62
02/03/2020,$149.32,658083,$148.5,$149.94,$148.28
01/31/2020,$148.06,1151703,$150.59,$150.59,$146.4406
01/30/2020,$151.23,990300,$147.49,$151.63,$146.44
01/29/2020,$148.4,694110,$149.79,$150.5,$147.94
01/28/2020,$148.81,819140,$146.14,$149.37,$146.14
01/27/2020,$145.24,1092729,$147.75,$147.75,$145.24
01/24/2020,$150.63,1070682,$153.78,$157.35,$150.25
01/23/2020,$153.08,1085570,$150.11,$153.81,$149.4
01/22/2020,$149.96,1125615,$150.74,$152.43,$149.84
01/21/2020,$148.68,1158494,$151,$151.35,$148.29
01/17/2020,$151.36,792628,$153.45,$153.81,$150.69
01/16/2020,$152.2,1088752,$151,$153.77,$151
01/15/2020,$149.64,988632,$152.74,$152.88,$149.42
01/14/2020,$152.09,1179409,$152.44,$155.18,$151.6971
01/13/2020,$152,1188509,$150.81,$152.257,$149.52
01/10/2020,$149.87,1050288,$152.52,$152.69,$149.53
01/09/2020,$151.8,1200466,$153,$153.98,$150.15
01/08/2020,$151.55,1598756,$151.35,$151.93,$147.605
01/07/2020,$150.34,1265900,$153.69,$155.23,$149.87
01/06/2020,$154.06,779752,$153,$154.14,$151.54
01/03/2020,$154.02,1058208,$153.02,$155.71,$152.89
01/02/2020,$155.64,1095724,$153.74,$155.71,$152.62
12/31/2019,$151.79,689312,$152.13,$153.25,$151.43
12/30/2019,$152.43,782454,$154.16,$154.16,$151.4
12/27/2019,$154.16,695160,$153.96,$154.61,$152.9
12/26/2019,$153.46,596916,$152.2,$153.67,$152.18
12/24/2019,$151.02,422734,$152.68,$152.8,$150.31
12/23/2019,$152.68,771001,$151.22,$152.8,$150.63
12/20/2019,$151.04,1705435,$148.93,$151.3,$148.65
12/19/2019,$148.68,939399,$148.75,$149.5,$147.9
12/18/2019,$149,1387794,$149,$151.15,$148.55
12/17/2019,$148.94,1253490,$151.48,$151.48,$148.8
12/16/2019,$150.89,1262829,$151.76,$152,$150.03
12/13/2019,$151.3,1263323,$155.69,$155.88,$151.25
12/12/2019,$156.14,1810050,$150.5,$156.25,$149.22
12/11/2019,$150.91,1111564,$148.53,$151.03,$148.4
12/10/2019,$148.73,1214127,$150.76,$152.15,$148.155
12/09/2019,$149.43,1542068,$147,$150.319,$146.86
12/06/2019,$147.08,1270101,$148.81,$149.06,$146.36
12/05/2019,$148.32,1207194,$152.69,$153.159,$147.89
12/04/2019,$151.09,1439454,$150.56,$152.22,$149.3
12/03/2019,$149.41,3505984,$149.77,$150.72,$146.44
12/02/2019,$153.85,1954689,$155.51,$155.75,$150.39
11/29/2019,$155.62,1304381,$160.27,$160.91,$155.5
11/27/2019,$161.15,4774862,$169.81,$172.34,$160.05
11/26/2019,$164.9,2535314,$170,$171.62,$164.32
11/25/2019,$168.73,1166421,$167,$170.08,$166.18
11/22/2019,$165.86,1374531,$166.12,$166.97,$163.37
11/21/2019,$165.7,798083,$169.28,$169.71,$165.46
11/20/2019,$169.62,814043,$171.59,$172.53,$168.565
11/19/2019,$172.82,1226722,$169.06,$173.37,$168.4875
11/18/2019,$167.36,892532,$168,$168.78,$166.47
11/15/2019,$168.37,720844,$167.34,$168.77,$165.57
11/14/2019,$165.95,724899,$164.83,$166.61,$163.5083
11/13/2019,$165.83,819079,$166.82,$168.5,$165.37
11/12/2019,$167.97,1115299,$166.33,$169.33,$166.18
11/11/2019,$165.73,659685,$164.11,$166.57,$163.53
11/08/2019,$164.95,458173,$163.58,$165.1,$161.4
11/07/2019,$163.64,683437,$164.87,$166.36,$163.12
11/06/2019,$163.91,614874,$163.25,$163.96,$161.415
11/05/2019,$163.25,683713,$164,$165.2,$162.34
11/04/2019,$163.55,857397,$163.7,$165.35,$161.33
11/01/2019,$163.06,838524,$159.72,$163.1,$158.6
10/31/2019,$158.27,695884,$160.42,$160.7,$157.11
10/30/2019,$161.22,526018,$160,$161.56,$158.5
10/29/2019,$159.52,796494,$156.75,$160.69,$156.44
10/28/2019,$156.51,851949,$160.13,$161.5,$156.51
10/25/2019,$159.19,917751,$157.68,$160.23,$157.11
10/24/2019,$157.78,694043,$155.35,$157.96,$153.41
10/23/2019,$154.05,601330,$152.52,$154.43,$152.06
10/22/2019,$153.02,629035,$153,$153.85,$152.27
10/21/2019,$152.36,701066,$153.13,$153.43,$151.82
10/18/2019,$152.14,1855504,$152.05,$155.41,$150.76
10/17/2019,$152.08,1265576,$152.39,$153.89,$151.08
10/16/2019,$152.39,1055754,$151,$152.98,$150.2
10/15/2019,$154.53,648742,$155.14,$156.4,$154.37
10/14/2019,$154.37,496003,$154.89,$155.6539,$152.94
10/11/2019,$154.95,1331014,$153.88,$157.67,$153.88
10/10/2019,$151.67,840610,$151.36,$152.4,$150.14
10/09/2019,$152.11,917499,$151.1,$152.48,$150.39
10/08/2019,$149.4,1232263,$150.97,$151.77,$148.46
10/07/2019,$152.62,1284444,$152.18,$153.8,$151.7
10/04/2019,$153.95,1009362,$154.54,$154.9445,$151.95
10/03/2019,$153.49,952624,$152.8,$154.63,$148.8
10/02/2019,$152.57,1634331,$151.7,$153.22,$150.64
10/01/2019,$153.8,1921577,$154.49,$156.73,$151.94
09/30/2019,$150.06,1040782,$146.38,$150.545,$146.05
09/27/2019,$145.88,1018332,$148,$149.44,$144.19
09/26/2019,$147.36,1167421,$149.31,$149.874,$145.39
09/25/2019,$149.06,1031485,$146.15,$149.8,$144.76
09/24/2019,$146.15,1632741,$152.77,$153.74,$145.81
09/23/2019,$152.05,907036,$150,$152.19,$148.625
09/20/2019,$150.78,2267067,$152.12,$153.11,$149.26
09/19/2019,$151.69,1391263,$150.35,$153.45,$150.35
09/18/2019,$150.35,2056940,$153.62,$153.62,$148.5
09/17/2019,$153.79,1446248,$155.6,$156.6,$152.22
09/16/2019,$155.87,1592289,$151,$156.63,$150.5
09/13/2019,$151.11,1520471,$154.05,$154.25,$150.56
09/12/2019,$154.04,1442474,$155.87,$156.3343,$153.08
09/11/2019,$154.43,2025092,$152,$155.49,$150.25
09/10/2019,$153.31,1917727,$145.35,$153.35,$144.61
09/09/2019,$147.44,1504294,$148.1,$148.715,$144.75
09/06/2019,$147.17,1430742,$148.93,$149.68,$147.09
09/05/2019,$147.9,2237149,$149.11,$149.2,$144.3564
09/04/2019,$145.43,1642566,$143.21,$145.97,$142.98
09/03/2019,$142.34,2160126,$140,$142.9,$139.21
08/30/2019,$141.44,3694639,$137.98,$143.55,$137.84
08/29/2019,$135.73,2344986,$133.45,$136.93,$133.45
08/28/2019,$132.45,1653995,$130,$133.44,$128.69
08/27/2019,$130.56,2811619,$134.59,$134.89,$129.12
08/26/2019,$132.8,2379145,$135.48,$135.9,$132.56
08/23/2019,$133.42,6682906,$139,$139.49,$133
08/22/2019,$148.15,2210902,$149,$149.34,$145.35
08/21/2019,$148.09,2090561,$146.5,$151.48,$146.25
08/20/2019,$144.42,1459217,$144.01,$146.29,$142.86
08/19/2019,$144.18,1884635,$147.24,$147.24,$143.81
08/16/2019,$143.72,2519381,$143.62,$145.35,$141.9
08/15/2019,$142.35,4109327,$148.74,$149,$141.16
08/14/2019,$153.09,1248468,$155.01,$155.1648,$150.33
08/13/2019,$158,1455354,$157.6,$161.89,$156.85
08/12/2019,$158.28,871134,$156.61,$159.0447,$155.0004
08/09/2019,$157.5,673074,$157.98,$159.5306,$155.74
08/08/2019,$158.67,997419,$156.47,$159.38,$154.22
08/07/2019,$155.7,1294455,$152.8,$156.285,$152.19
08/06/2019,$155,1057058,$157,$159.1,$154.51
08/05/2019,$155.76,1875585,$157.2,$159.52,$153.7628
08/02/2019,$162.68,2758210,$174.26,$175.32,$161.72
08/01/2019,$177.4,1145025,$175.21,$179.67,$175.06
07/31/2019,$174.49,987392,$177.49,$177.98,$172.22
07/30/2019,$177.23,605801,$176.2,$178.53,$174.9131
07/29/2019,$177.66,828232,$178.75,$179,$173.4
07/26/2019,$178.31,725303,$178.39,$179.2773,$177.17
07/25/2019,$178.28,734332,$180.19,$180.19,$176.16
07/24/2019,$180.57,609389,$179.22,$181.02,$178.7
07/23/2019,$178.78,1170208,$182.78,$182.78,$176.03
07/22/2019,$181.87,1423562,$179.25,$183.5,$179.25
07/19/2019,$179.5,1955163,$176.54,$181.69,$175.66
07/18/2019,$174.33,1173194,$173.48,$176.98,$173.035
07/17/2019,$174.05,1016067,$172.29,$174.83,$170.135
07/16/2019,$172.29,1288959,$172.66,$175.24,$172.24
07/15/2019,$172.21,1101302,$170.11,$172.62,$169.75
07/12/2019,$169.7,1906702,$169.26,$170,$167.54
07/11/2019,$168.49,1044884,$167.19,$169.21,$166.03
07/10/2019,$166.57,1346372,$164.46,$168.74,$164.15
07/09/2019,$163.24,2204175,$164.6,$164.9,$161.5
07/08/2019,$165.14,1526931,$167.71,$168.9125,$165.07
07/05/2019,$169.18,887906,$169.08,$169.98,$167.03
07/03/2019,$169.46,1201710,$170.13,$171.74,$169.08
07/02/2019,$168.99,1551181,$168.62,$169.83,$166.2
07/01/2019,$168.77,1492162,$170.64,$172.99,$168.41
06/28/2019,$167.21,2115151,$171.92,$172.68,$166.16
06/27/2019,$171.66,1095571,$173.38,$174.9,$171.31
06/26/2019,$172.26,947875,$173,$177.18,$172
06/25/2019,$170.87,1041556,$175.06,$175.41,$170.28
06/24/2019,$175.52,893217,$174.18,$176.12,$172.27
06/21/2019,$173.39,1533874,$176.65,$177.34,$172.87
06/20/2019,$176.92,1514958,$176.76,$178.77,$175.76
06/19/2019,$173.42,1592211,$170.42,$173.805,$169.22
06/18/2019,$169.68,1172912,$168.85,$171.81,$168.78
06/17/2019,$166.87,1122829,$167.9,$169.92,$166.77
06/14/2019,$168.29,1205775,$174,$174.97,$168.03
06/13/2019,$174.49,953064,$177.27,$177.37,$173.86
06/12/2019,$175.89,1012719,$175,$176.325,$174.04
06/11/2019,$175.07,1285669,$173.91,$175.9,$172.65
06/10/2019,$172.01,1269766,$171,$173.625,$170.08
06/07/2019,$169.23,1271578,$168.21,$171.2681,$168.21
06/06/2019,$166.92,1721770,$170.75,$171.97,$166.33
06/05/2019,$170.35,1790246,$176.88,$178.205,$168.29
06/04/2019,$174.4,1673336,$172.35,$174.56,$169.1488
06/03/2019,$169.07,2441967,$175.49,$178.61,$167.13
05/31/2019,$176.98,2813515,$178.29,$183.96,$176.51
05/30/2019,$191.09,1763258,$192.03,$193.755,$189.15
05/29/2019,$191.27,1282862,$192.23,$195.76,$190.75
05/28/2019,$193.59,1873108,$198.78,$201.57,$192.97
05/24/2019,$197.99,662537,$199.11,$200.15,$197.58
05/23/2019,$196.7,1113159,$201.16,$201.59,$196.2151
05/22/2019,$203.72,707059,$201.71,$205.44,$201.56
05/21/2019,$202.24,776990,$200.82,$202.89,$200.11
05/20/2019,$197.32,1120302,$201.07,$201.63,$196.8
05/17/2019,$203.64,1141593,$202.92,$206.38,$202.7
05/16/2019,$205.52,910085,$202.11,$206.799,$200.98
05/15/2019,$201.26,875823,$196.6,$202.2976,$196.6
05/14/2019,$197.93,893336,$194.77,$199.14,$192.53
05/13/2019,$192.04,960097,$196.59,$197.0491,$191.37
05/10/2019,$200.07,859339,$196.82,$200.56,$193.465
05/09/2019,$197.69,831088,$195.12,$199,$193.22
05/08/2019,$197.67,890887,$195.2,$199.49,$194.135
05/07/2019,$195.13,1386928,$200.53,$201.58,$192.91
05/06/2019,$202.59,926469,$197.85,$203.24,$197.58
05/03/2019,$203.28,629869,$202.09,$203.33,$200.8314
05/02/2019,$200,958643,$201.35,$202.96,$197.54
05/01/2019,$202.46,726517,$204.61,$205.44,$202.4
04/30/2019,$204.13,753424,$201.43,$204.25,$199.83
04/29/2019,$201.38,738991,$199.85,$202.535,$199.29
04/26/2019,$199.71,753110,$200.34,$201.0929,$198.11
04/25/2019,$200.16,985452,$199.9,$203.35,$198.11
04/24/2019,$198.49,1194285,$196.65,$199.1,$196.62
04/23/2019,$196.11,1057590,$193.68,$196.615,$192.73
04/22/2019,$191.56,890534,$187.5,$192.3,$187.035
04/18/2019,$188.09,1381637,$189.55,$190.3438,$186.36
04/17/2019,$189.07,637280,$190.78,$191.85,$188.02
04/16/2019,$189.84,608178,$192.88,$192.88,$188.47
04/15/2019,$192.14,720008,$192.68,$194.24,$191.21
04/12/2019,$192.81,640211,$192.79,$193.6,$191.3224
04/11/2019,$192.44,963144,$190.99,$192.75,$189.28
04/10/2019,$189.31,883381,$186.5,$190.6133,$186
04/09/2019,$185.7,634056,$185.14,$186.5754,$184.49
04/08/2019,$186.52,1044157,$185,$186.98,$183.57
04/05/2019,$185.79,1420153,$182.92,$186.8238,$182.57
04/04/2019,$181.39,1390956,$185.28,$185.77,$179.01
04/03/2019,$186.23,1150740,$185.76,$187.51,$184.26
04/02/2019,$185.05,889288,$184.68,$185.2,$181.98
04/01/2019,$184.29,956183,$182.62,$184.5,$180.75
03/29/2019,$180.51,1238873,$180,$181.05,$177.76
03/28/2019,$178,1065700,$178.46,$178.96,$176.76
03/27/2019,$177,1483125,$181.72,$182.42,$176.66
03/26/2019,$181.44,868366,$182.73,$183.16,$180.84
03/25/2019,$180.34,1458074,$182.38,$182.9871,$179.345
03/22/2019,$183.7,955451,$187.4,$187.75,$183.145
03/21/2019,$188.24,740652,$184.43,$188.51,$184.43
03/20/2019,$184.85,1182743,$183.15,$185.48,$181.36
03/19/2019,$183.55,823855,$183.2,$184.05,$181.73
03/18/2019,$182.67,1167809,$181.71,$183.9,$180.81
03/15/2019,$181.56,1786305,$179.07,$182.48,$179
03/14/2019,$179.26,1005006,$176.33,$179.855,$176
03/13/2019,$176.8,1444834,$176.2,$179.28,$175.7
03/12/2019,$175.13,1375339,$173.77,$176.09,$172.5
03/11/2019,$173.37,1369189,$169.54,$173.52,$169.25
03/08/2019,$169.13,1373723,$166.25,$169.62,$166
03/07/2019,$169.05,1208940,$170,$171.99,$168.2
03/06/2019,$170.12,1681699,$165.83,$170.31,$165.43
03/05/2019,$172.69,1051519,$172,$173.78,$170.6101
03/04/2019,$172.32,2508912,$177.5,$178.04,$167.62
03/01/2019,$178.2,2909421,$177.87,$183.405,$175.6485
02/28/2019,$171.81,2402275,$175.07,$175.7,$171.26
02/27/2019,$176.01,1358499,$175.24,$176.66,$173.59
02/26/2019,$175.12,2111437,$173.84,$176.0561,$171.93
02/25/2019,$174.15,1164202,$174.6,$175.7,$173.18
02/22/2019,$173.38,1136312,$171.5,$173.45,$170.43
02/21/2019,$170.79,1233770,$170.15,$172.58,$168.69
02/20/2019,$170.76,1023983,$169.85,$171.12,$168.845
02/19/2019,$170.04,1222990,$169.45,$170.56,$167.81
02/15/2019,$169.68,1196975,$168.29,$169.7,$167.12
02/14/2019,$167.98,1364963,$166.16,$170.11,$165.93
02/13/2019,$167.03,1820499,$165.42,$167.65,$163.33
02/12/2019,$165.34,2265309,$160.49,$165.495,$160.15
02/11/2019,$158.97,1489288,$158.41,$160.5595,$156.91
02/08/2019,$157.71,1070254,$155.18,$158.46,$155.18
02/07/2019,$156.3,662565,$155.69,$156.41,$153.76
02/06/2019,$157.02,1174536,$156.2,$157.34,$154.47
02/05/2019,$156.2,1124977,$153.4,$156.68,$153
02/04/2019,$152.91,870123,$151,$153.54,$150.775
02/01/2019,$150.51,977606,$151.09,$151.95,$149.44
01/31/2019,$151.07,1466346,$146.18,$151.37,$146
01/30/2019,$146.38,763125,$146.91,$147.54,$145.27
01/29/2019,$145.22,1181132,$147.92,$147.99,$144.46
01/28/2019,$148.11,917830,$147.9,$149.71,$146.37
01/25/2019,$149.43,1176068,$149.7,$150.33,$148.39
01/24/2019,$148.15,1090275,$150.96,$151.49,$146.9
01/23/2019,$150.78,1252247,$148.73,$151.06,$148.23
01/22/2019,$148.03,1015126,$147.35,$148.76,$146.5
01/18/2019,$147.66,1253903,$145.26,$147.69,$145.19
01/17/2019,$143.9,1163399,$144.42,$145.1584,$143.53
01/16/2019,$144.2,1625571,$147.08,$147.59,$143.62
01/15/2019,$147.12,2141012,$142.09,$147.2,$141.38
01/14/2019,$144.19,2044886,$145.3,$146.635,$144.05
01/11/2019,$146.7,1522239,$146.52,$148.04,$144.51
01/10/2019,$148.88,1358464,$149.35,$151.8,$148.24
01/09/2019,$150.34,1776577,$148.78,$150.96,$147.72
01/08/2019,$146.8,1297414,$146.38,$147.893,$142.755
01/07/2019,$143.74,1906423,$139.4,$146.17,$138.94
01/04/2019,$138.91,2043104,$133.01,$139.69,$131.58
01/03/2019,$130.67,2003775,$135.09,$135.72,$129.33
01/02/2019,$136.16,2125151,$133.96,$137.54,$133.66
12/31/2018,$137.13,2536509,$133.52,$137.13,$132.91
12/28/2018,$158.38,1690059,$155.31,$159.46,$154.15
12/27/2018,$154.3,964980,$150.22,$154.49,$148.87
12/26/2018,$152.87,1453691,$144.95,$153.4,$144.18
12/24/2018,$144.56,903693,$143.77,$147.19,$141.91
12/21/2018,$144.99,3205639,$152.85,$154.03,$143.86
12/20/2018,$153.07,2249323,$156.57,$157.2337,$148.81
12/19/2018,$156.76,1611130,$154.84,$160.075,$154.84
12/18/2018,$154.4,1171155,$155.01,$157,$153.13
12/17/2018,$152.93,2239214,$157.75,$157.99,$151.99
12/14/2018,$158.58,1323506,$159.42,$162.49,$158.45
12/13/2018,$161.41,1108212,$163.25,$164.72,$160.575
12/12/2018,$162.62,2230779,$166,$167,$161.66
12/11/2018,$164.5,1939030,$166.29,$169.248,$162.58
12/10/2018,$163.36,1240995,$158.06,$164.53,$157.77
12/07/2018,$159.21,1305184,$161.97,$163.31,$157.18
12/06/2018,$162.5,2054367,$155.1,$162.8,$153
12/04/2018,$158.52,2296937,$162.47,$164.5,$157.45
12/03/2018,$163.63,2294639,$168.47,$168.89,$160.87
11/30/2018,$167.34,4233970,$165.4,$168.42,$160.15
11/29/2018,$161.48,1799660,$158.59,$162.22,$157.3
11/28/2018,$159.76,1777437,$153.6,$160,$152.77
11/27/2018,$152.2,1296910,$153.84,$154.96,$151.91
11/26/2018,$153.91,1206705,$155.08,$155.63,$153.5
11/23/2018,$152.99,666770,$148.52,$154,$148.52
11/21/2018,$149.59,630809,$150.18,$151.37,$148.1
11/20/2018,$148.4,2091287,$147.18,$152.45,$147.18
11/19/2018,$153.4,2066094,$155.91,$156.48,$151.88
11/16/2018,$157.01,1374175,$157.49,$161.4,$155.01
11/15/2018,$157.73,2568288,$154.6,$159.9,$154.5
11/14/2018,$152.3,1737098,$152.54,$156.16,$149.13
11/13/2018,$150.51,1615878,$148.35,$152.48,$146.062
11/12/2018,$148.13,853249,$149.26,$149.57,$145.04
11/09/2018,$150.82,791849,$149.53,$151.44,$148.61
11/08/2018,$151.65,818225,$149.67,$151.66,$147.52
11/07/2018,$149.45,1275554,$145.23,$151.58,$145.23
11/06/2018,$143.02,804714,$142.57,$144.47,$140.965
11/05/2018,$142.94,487516,$142,$143.02,$139.03
11/02/2018,$141.35,590304,$145,$145.37,$140.72
11/01/2018,$144.64,730613,$142.64,$145.57,$140.08
10/31/2018,$141.39,776868,$141.32,$144.28,$140.44
10/30/2018,$138.64,584879,$135.41,$139.13,$134.8454
10/29/2018,$136.26,1396269,$143.33,$143.33,$132.6501
10/26/2018,$138.76,1167121,$138.38,$142.238,$136.86
10/25/2018,$141.61,1050949,$140.7,$143.416,$139.25
10/24/2018,$139.51,1178734,$145.26,$145.83,$139.247
10/23/2018,$145.41,975999,$144.45,$145.88,$141.99
10/22/2018,$146.14,984401,$141.54,$146.34,$140.24
10/19/2018,$140.46,1627464,$146.2,$148.66,$140.22
10/18/2018,$145.61,723938,$146.93,$148.97,$144.76
10/17/2018,$148.16,517619,$149.75,$149.75,$146.84
10/16/2018,$148.36,759432,$145.92,$148.99,$145.56
10/15/2018,$144.04,1111509,$147.4,$148.35,$144
10/12/2018,$147.74,1403890,$144.86,$148.19,$143.52
10/11/2018,$141.49,1090873,$142.77,$144.74,$140.84
10/10/2018,$143.32,1697086,$146.55,$147.63,$143
10/09/2018,$148.86,1696732,$149.68,$151.49,$146.58
10/08/2018,$151.01,1466145,$155.48,$156.4559,$149.6
10/05/2018,$156.54,1482632,$155.08,$158.6,$154.65
10/04/2018,$155.53,961309,$153.86,$155.95,$153.38
10/03/2018,$154.58,666500,$155,$156.7,$154.44
10/02/2018,$154.53,691566,$156,$156.36,$154.22
10/01/2018,$156.17,1472425,$157.62,$158.295,$155.3491
09/28/2018,$156.06,980320,$155.48,$157.645,$155.24
09/27/2018,$155.83,890120,$155.74,$156.85,$154.05
09/26/2018,$155.84,2554512,$157.84,$159.47,$155.74
09/25/2018,$158.06,2531072,$153.62,$158.48,$153.48
09/24/2018,$153.48,837753,$152.43,$154.44,$150.6
09/21/2018,$152.09,1662720,$153.19,$153.46,$151.81
09/20/2018,$153,1035542,$151.23,$153.04,$150.3625
09/19/2018,$150.75,1563747,$153.04,$153.04,$148.6
09/18/2018,$153.4,1928908,$156.43,$158.8,$153.38
09/17/2018,$157.01,1512199,$161.22,$162.47,$156.1
09/14/2018,$162.65,2131483,$155.04,$162.98,$154.75
09/13/2018,$154.6,1745513,$154.5,$155.72,$154.5
09/12/2018,$154.32,1186926,$153.94,$154.68,$151.63
09/11/2018,$154.04,1102830,$153.77,$155.14,$153.6347
09/10/2018,$153.79,1417937,$152.57,$154.26,$152
09/07/2018,$151.93,904600,$152.9,$154.19,$151.65
09/06/2018,$153.83,1274549,$151.05,$154.24,$150.08
09/05/2018,$151.12,991552,$152.41,$152.94,$149.62
09/04/2018,$152.77,833578,$151.72,$152.89,$149.9048
08/31/2018,$153.26,1207567,$154.74,$156.27,$153.04
08/30/2018,$154.66,2508258,$149.57,$156.72,$149.35
08/29/2018,$150.43,1460487,$149.01,$150.82,$147.89
08/28/2018,$148.5,1827580,$150.37,$150.5502,$146.25
08/27/2018,$150.03,1875924,$153.58,$154.4,$149.45
08/24/2018,$151.37,3024609,$150,$152.63,$148.03
08/23/2018,$154.77,2181797,$154.65,$156.4201,$152.64
08/22/2018,$154.28,931699,$151.2,$154.65,$151.05
08/21/2018,$151.68,1025523,$152.02,$152.97,$151.31
08/20/2018,$151.62,1134396,$151.51,$152.82,$150.84
08/17/2018,$150.88,1107939,$151.68,$153.05,$150.366
08/16/2018,$151.93,1611183,$153.65,$153.889,$150.68
08/15/2018,$152.04,859894,$151.23,$152.49,$149.27
08/14/2018,$152.25,570861,$152.14,$152.64,$151
08/13/2018,$151.94,643227,$153.54,$153.54,$151.2674
08/10/2018,$153.21,508003,$152.46,$154.45,$151.5
08/09/2018,$153.76,546083,$152.85,$154.09,$152.85
08/08/2018,$152.84,467002,$153.29,$154.19,$152.25
08/07/2018,$153.06,1120206,$152.59,$154.49,$152.06
08/06/2018,$151.38,738797,$149.85,$151.73,$149.82
08/03/2018,$149.45,1289466,$149.65,$149.9,$147.5503
08/02/2018,$148.07,913735,$144.21,$148.36,$144.21
08/01/2018,$144.58,1301416,$144.16,$146.185,$143.975
07/31/2018,$144.59,1136457,$143.88,$146.38,$143.24
07/30/2018,$144.42,1189344,$148.34,$148.71,$144.11
07/27/2018,$148.8,812353,$150.74,$151.29,$146.5
07/26/2018,$150.78,882875,$149.68,$152.823,$148.861
07/25/2018,$151.15,551596,$149,$151.15,$148.03
07/24/2018,$149.2,1065930,$152.24,$152.2674,$148.21
07/23/2018,$150.94,853082,$151.49,$152.44,$150.45
07/20/2018,$152.25,1658616,$152.04,$152.98,$151.336
07/19/2018,$152,1629956,$153.57,$154,$150.881
07/18/2018,$153.95,1440845,$155.01,$155.69,$153.8401
07/17/2018,$155.11,1150990,$154.48,$156.38,$154.14
07/16/2018,$155.24,1245249,$155.59,$156.3964,$154.79
07/13/2018,$155.05,1604613,$155.44,$155.825,$153.36
07/12/2018,$155.27,1975889,$154.76,$155.92,$154.5
07/11/2018,$153.59,2338187,$154.03,$155.1499,$152.63
07/10/2018,$155.5,2115013,$154.36,$157.02,$154.05
07/09/2018,$154.83,2726077,$158.04,$158.46,$153.58
07/06/2018,$157.68,1509680,$157.43,$158.24,$156.26
07/05/2018,$158.05,3521118,$161,$161.17,$157.49
07/03/2018,$160.37,3154038,$161.76,$162.01,$159.74
07/02/2018,$162.02,9721047,$157.42,$163,$153.6
06/29/2018,$146.97,1279052,$149,$149,$146.365
06/28/2018,$146.12,1628137,$142.4,$146.89,$142.4
06/27/2018,$142.3,1128832,$146.1,$147.21,$142.28
06/26/2018,$145.89,919225,$145.62,$146.96,$144.32
06/25/2018,$145.08,1513639,$148.9,$148.9,$143.78
06/22/2018,$150.01,1685109,$150.73,$151.5,$146.75
06/21/2018,$152.03,1103269,$152.44,$152.5,$149.63
06/20/2018,$152.18,1252444,$151.69,$153.8,$151.25
06/19/2018,$151.25,1150388,$149.08,$151.43,$147.59
06/18/2018,$151.44,1173463,$148.71,$151.74,$147.651
06/15/2018,$150.46,1603619,$149.94,$151.56,$148.62
06/14/2018,$150.25,1407627,$151.09,$153.2,$149.41
06/13/2018,$150.79,1834149,$148.99,$152.62,$148.9
06/12/2018,$148.27,953629,$149.29,$150.08,$148.11
06/11/2018,$149.3,1153343,$149.6,$150.48,$148.49
06/08/2018,$149.64,1883266,$149.89,$152.49,$148.8101
06/07/2018,$150.27,3035064,$148.5,$150.72,$146.57
06/06/2018,$148.98,1869257,$148.2,$149,$146.405
06/05/2018,$147.52,2676634,$142.89,$149,$142.67
06/04/2018,$142.59,2637474,$144.99,$145,$140.345
06/01/2018,$145.93,4265256,$144.97,$149.48,$143.39
05/31/2018,$137.48,2899191,$137.74,$139.33,$136.78
05/30/2018,$138.02,1906603,$136.87,$139.12,$136.5
05/29/2018,$136.4,1475721,$135.54,$136.87,$134.82
05/25/2018,$136.45,1412647,$136.83,$137.92,$136.45
05/24/2018,$136.77,2007977,$138.44,$138.9,$136.55
05/23/2018,$138.23,1538143,$135.36,$138.42,$135.1
05/22/2018,$136.8,1695091,$139.32,$140.26,$136.59
05/21/2018,$138.69,2281456,$140.39,$141.37,$136.96
05/18/2018,$138.99,3299699,$137.59,$142.29,$137.02
05/17/2018,$137.51,1271786,$138.71,$139.93,$137.21
05/16/2018,$138.58,1039748,$141.41,$141.59,$138.26
05/15/2018,$141.1,1045141,$140.39,$141.86,$138.55
05/14/2018,$141.25,1725656,$144.94,$145.15,$140.42
05/11/2018,$144.04,1357595,$143.32,$144.33,$142.47
05/10/2018,$143.9,2119447,$139.61,$144.16,$139.55
05/09/2018,$138.57,979263,$136.56,$139.33,$136.5
05/08/2018,$136.5,1330160,$135.53,$136.6,$135.03
05/07/2018,$135.82,641270,$135.05,$136.31,$134.3692
05/04/2018,$134.35,1148249,$132.32,$135.78,$132.13
05/03/2018,$132.87,1177019,$132.37,$133.33,$131.12
05/02/2018,$132.49,1379894,$132.75,$133.4,$132
05/01/2018,$133.22,1748217,$132.75,$133.37,$131.39
04/30/2018,$133.26,1062218,$133.05,$134.295,$132.19
04/27/2018,$133.05,1076608,$133.5,$133.98,$131.74
04/26/2018,$132.41,1217583,$132.63,$133.63,$131.52
04/25/2018,$131.62,1548064,$133.83,$133.87,$131.14
04/24/2018,$133.96,2543691,$135.74,$136.97,$133.07
04/23/2018,$135.02,1344738,$136.68,$136.735,$134.31
04/20/2018,$136.05,2620756,$135.59,$136.57,$133.85
04/19/2018,$135.59,2921182,$136.59,$137.15,$133.7075
04/18/2018,$137.54,4228438,$136.3,$138.34,$135.54
04/17/2018,$131.88,3213519,$129.56,$132.56,$129.17
04/16/2018,$127.76,4509463,$126.28,$130.19,$126
04/13/2018,$121.34,2900954,$123,$123,$120.5301
04/12/2018,$122.15,1567279,$122.3,$122.8,$121.34
04/11/2018,$121.49,2022404,$121.11,$123.29,$120.58
04/10/2018,$121.75,2145251,$121.8,$123.53,$121.2701
04/09/2018,$120.47,1273513,$119.2,$122.6,$119.2
04/06/2018,$118.65,2311753,$120.77,$122.5,$117.8301
04/05/2018,$121.81,1046325,$122.77,$122.99,$120.82
04/04/2018,$121.83,2016752,$117.66,$122.18,$117.61
04/03/2018,$119.87,1713450,$121.4,$121.4899,$118.84
04/02/2018,$120.48,1538829,$121.49,$122.05,$118.82
03/29/2018,$121.27,1927512,$120.28,$122.48,$119.1
03/28/2018,$119.95,1825034,$123.26,$123.26,$119.33
03/27/2018,$123.37,1891213,$127.38,$128.35,$122.24
03/26/2018,$126.03,1398220,$123.66,$126.45,$123.58
03/23/2018,$122.06,2681195,$122.13,$127.07,$119.64
03/22/2018,$122.1,885165,$123.26,$124,$121.82
03/21/2018,$124.35,1125202,$126.12,$126.12,$123.91
03/20/2018,$126.16,1349664,$125.95,$128.42,$125.41
03/19/2018,$125.59,1492426,$123.5,$126.24,$122.75
03/16/2018,$124.47,2160422,$125.16,$127.06,$124.35
03/15/2018,$125.51,1606534,$125.35,$125.97,$124.58
03/14/2018,$124.75,1497120,$124.88,$124.927,$123.49
03/13/2018,$124.03,1845610,$127.19,$127.5,$123.3852
03/12/2018,$127.19,3293199,$125.72,$127.76,$124.76
03/09/2018,$125.84,1893089,$124.36,$126.03,$123.61
03/08/2018,$123.52,1219600,$125.02,$126.02,$122.93
03/07/2018,$124.25,2101238,$119.5,$124.48,$119.33
03/06/2018,$120.53,3486906,$118.75,$120.93,$118.06
03/05/2018,$118.24,4257414,$114.35,$118.72,$113.9
03/02/2018,$116.34,8106746,$115.43,$118.5,$113.3
03/01/2018,$123.66,6300592,$131,$131.71,$122
02/28/2018,$131.75,2238555,$130.35,$133.64,$130.2
02/27/2018,$128.85,2095689,$128.6,$130.56,$128.17
02/26/2018,$128.66,1792500,$126.85,$128.98,$126.29
02/23/2018,$126.42,1984558,$126.41,$126.88,$124.291
02/22/2018,$125.23,1578905,$123.3,$126.15,$123.02
02/21/2018,$122.94,1521045,$124.34,$126.53,$122.78
02/20/2018,$123.6,1910987,$123.39,$124.51,$122.535
02/16/2018,$124.55,1886511,$122.84,$125.37,$122.1
02/15/2018,$123.62,2207320,$125.13,$125.6292,$120.8405
02/14/2018,$124.42,2840519,$119.4,$124.74,$119.19
02/13/2018,$120.08,2169235,$115.9,$120.24,$115.11
02/12/2018,$116.58,2560259,$114.01,$117.3,$113.46
02/09/2018,$113.13,2688779,$110.01,$114.93,$108.818
02/08/2018,$108.46,2962131,$113.29,$114.2702,$108.46
02/07/2018,$112.9,2423374,$115.36,$118.7,$112.68
02/06/2018,$115.56,3181602,$113.27,$117.21,$111.26
02/05/2018,$116.4,3341285,$120.07,$121.83,$116.06
02/02/2018,$122.72,4009400,$125.66,$127.54,$120.73
02/01/2018,$125.71,4290861,$123.45,$129.335,$122.5838
01/31/2018,$123.79,6832725,$120.79,$127.8285,$120.01
01/30/2018,$118.74,9351401,$122.75,$124.39,$118.0001
01/29/2018,$125.05,20000730,$148.25,$151.38,$124.24
01/26/2018,$150,27806450,$145.21,$165,$144.25
01/25/2018,$137.63,1126021,$137.66,$139.32,$136.74
01/24/2018,$137.07,1438461,$137,$138.32,$135.76
01/23/2018,$137.96,1344872,$137,$138.12,$136.72
01/22/2018,$136.69,1260137,$136.15,$137.4,$134.85
01/19/2018,$136.04,1287131,$135.65,$136.62,$135.5
01/18/2018,$135.63,1088422,$135,$136.19,$134.0122
01/17/2018,$135.33,1454277,$133,$135.99,$132.39
01/16/2018,$132.14,1386794,$133.21,$134.45,$132.06
01/12/2018,$132.53,1185661,$132.79,$133.12,$131.5
01/11/2018,$133.27,1345865,$131.73,$133.33,$130.8708
01/10/2018,$129.22,1270873,$128.81,$129.22,$127.39
01/09/2018,$129.27,1324407,$130.85,$131,$128.92
01/08/2018,$130.9,1277124,$131,$131.13,$130
01/05/2018,$131.26,995542,$131.75,$132.29,$131
01/04/2018,$131.24,1649983,$130.38,$132.8,$130.17
01/03/2018,$130.03,1874522,$127.98,$130.9899,$127.8
01/02/2018,$127.29,1283068,$126.2,$127.49,$125.72
12/29/2017,$125.32,1145878,$126.53,$126.92,$125.26
12/28/2017,$126.61,1189029,$127.33,$127.33,$125.961
12/27/2017,$126.96,1235900,$127.6,$127.96,$126.75
12/26/2017,$127.56,960161,$127.25,$128,$126.58
12/22/2017,$127.69,781097,$127.28,$128.3,$126.72
12/21/2017,$127.17,1355040,$128.39,$129,$127.02
12/20/2017,$128.62,1691373,$128.46,$129.5,$126.68
12/19/2017,$128.14,1817804,$127.83,$128.26,$126.65
12/18/2017,$128.89,3031073,$125,$129.48,$124.87
12/15/2017,$123.8,1925007,$121.3,$124.14,$120.6
12/14/2017,$121.25,1683320,$122.23,$123.93,$121.17
12/13/2017,$121.87,1932153,$120.18,$122.88,$120.15
12/12/2017,$120.04,1768132,$121.01,$121.829,$119.71
12/11/2017,$121.09,1310053,$119.39,$121.3299,$119.39
12/08/2017,$119.57,1595315,$118.5,$120.53,$118
12/07/2017,$117.22,2334938,$117.02,$118.65,$116.84
12/06/2017,$116.67,1979184,$114.2,$116.9,$113.781
12/05/2017,$114.54,2679423,$114.15,$116.44,$113.04
12/04/2017,$115.09,4957400,$124.74,$124.94,$114.42
12/01/2017,$124.44,5755832,$118.5,$126.4304,$117.92
11/30/2017,$120.11,4401447,$122,$122,$117.89
11/29/2017,$119.42,4557105,$127.44,$127.595,$118.36
11/28/2017,$127.34,3490456,$126.76,$127.57,$126.24
11/27/2017,$126.21,2534767,$125,$126.66,$124.61
11/24/2017,$124.22,743598,$124.26,$124.49,$122.62
11/22/2017,$123.59,1533081,$125.53,$125.75,$123.54
11/21/2017,$125.39,2097613,$124.89,$126.33,$124.7
11/20/2017,$124.06,1883675,$123.78,$124.35,$123.48
11/17/2017,$123.26,1566218,$121.83,$123.5,$121.73
11/16/2017,$122.71,1616014,$121.58,$123.45,$121.51
11/15/2017,$121.19,1840710,$121.13,$121.92,$120.53
11/14/2017,$122.47,1931864,$121.53,$122.6299,$121.4084
11/13/2017,$121.84,1506999,$122,$122.44,$121.04
11/10/2017,$122.15,1279679,$120.78,$122.21,$120.78
11/09/2017,$120.97,1389443,$119.75,$121.21,$119.4701
11/08/2017,$120.55,1460861,$119.91,$121.49,$119.75
11/07/2017,$120.43,1569617,$119.74,$121.14,$119.71
11/06/2017,$119.21,1924336,$117.99,$119.91,$117.94
11/03/2017,$117.94,1348900,$118.7,$118.94,$117.13
11/02/2017,$118.9,4030258,$118.59,$119.4,$117.68
11/01/2017,$119.12,1565452,$120,$120.31,$118.66
10/31/2017,$119.69,1631876,$119.93,$120.06,$119.08
10/30/2017,$119.93,1090508,$120.75,$120.75,$119.32
10/27/2017,$120.97,1614125,$119.57,$121.09,$119.045
10/26/2017,$119.01,1088300,$119.2,$119.48,$118.38
10/25/2017,$118.9,2395361,$119.65,$119.76,$118.159
10/24/2017,$119.63,1884343,$118.97,$119.63,$118.43
10/23/2017,$119.11,1596365,$118.74,$119.55,$118.5
10/20/2017,$118.34,1560096,$117.57,$118.73,$117.57
10/19/2017,$117.4,1565445,$116.16,$117.4,$116.04
10/18/2017,$116.6,3084764,$115.73,$116.72,$115.73
10/17/2017,$115.6,1844091,$115.13,$115.85,$115
10/16/2017,$115.15,3272239,$114,$115.37,$113.98
10/13/2017,$113.62,1480819,$113.55,$114.18,$113.5121
10/12/2017,$113.16,1525133,$112.16,$113.6,$112
10/11/2017,$112.03,1253174,$111.62,$112.245,$110.9
10/10/2017,$111.79,1308227,$112.04,$112.5,$111.23
10/09/2017,$111.85,677838,$111.59,$112.24,$111.575
10/06/2017,$111.53,1250040,$111.39,$111.74,$110.86
10/05/2017,$111.59,1399425,$111.31,$111.89,$110.76
10/04/2017,$110.59,1612953,$110.6,$111,$109.72
10/03/2017,$110.6,1427437,$110.58,$111.269,$110.2
10/02/2017,$110.15,1432148,$109.24,$110.99,$109.2
09/29/2017,$109.19,1469055,$109.08,$110.15,$109.05
09/28/2017,$109.2,1192439,$109.26,$109.41,$108.19
09/27/2017,$109.21,2378204,$109.61,$110.23,$108.66
09/26/2017,$107.83,2360760,$108,$108.72,$107.68
09/25/2017,$107.52,1892185,$109.21,$109.64,$107.12
09/22/2017,$109.15,1021549,$108.91,$109.48,$108.5
09/21/2017,$109.07,985690,$109.99,$109.99,$108.09
09/20/2017,$110.13,1110218,$109.73,$112,$109.07
09/19/2017,$109.68,1634809,$110.17,$110.51,$109.27
09/18/2017,$109.98,912728,$110.59,$110.7648,$109.61
09/15/2017,$110.25,1257925,$110.7,$110.7,$110
09/14/2017,$110.75,1855261,$110.95,$111.61,$109.94
09/13/2017,$110.43,1759705,$109.3,$110.71,$109
09/12/2017,$109.6,1852116,$108,$109.67,$107.36
09/11/2017,$107.72,1400704,$106.6,$107.89,$106.6
09/08/2017,$106.1,1582479,$106.51,$107.67,$106
09/07/2017,$106.5,1895219,$107.45,$107.83,$106.37
09/06/2017,$107.29,1647209,$107.4,$108.11,$107.01
09/05/2017,$107.08,2035545,$106.75,$107.47,$105.885
09/01/2017,$107.48,1406237,$108.225,$108.25,$107.24
08/31/2017,$108.1,2261512,$107,$108.33,$106.92
08/30/2017,$106.96,2017686,$105,$107.24,$104.87
08/29/2017,$104.93,2105576,$103.72,$105.48,$103.34
08/28/2017,$104.68,3546703,$102.24,$105.59,$102.03
08/25/2017,$102.74,3478261,$103.51,$104.81,$102.73
08/24/2017,$100.83,1911520,$100.93,$101.79,$100.75
08/23/2017,$100.39,1813897,$99.5,$101,$99.17
08/22/2017,$99.93,2452122,$98.83,$100.16,$98.38
08/21/2017,$97.01,928640,$96.28,$97.1,$95.53
08/18/2017,$96.27,770989,$95.7,$96.6,$95.36
08/17/2017,$95.77,976650,$96.5,$97.3,$95.75
08/16/2017,$96.66,1330403,$95.7,$97.47,$95.29
08/15/2017,$95.29,2520918,$98,$98,$95.21
08/14/2017,$98.02,4728147,$95.72,$98.2,$95.11
08/11/2017,$91.95,1034076,$91.83,$92.27,$91.37
08/10/2017,$92,1281760,$92.67,$93,$91.69
08/09/2017,$92.93,941282,$92.56,$93.08,$92.39
08/08/2017,$93.4,869416,$93.27,$93.54,$92.72
08/07/2017,$93.42,646246,$93.04,$93.7,$92.75
08/04/2017,$93.09,811077,$92.43,$93.22,$92.43
08/03/2017,$92.43,1111216,$91.95,$92.48,$91.52
08/02/2017,$92.11,1600207,$92.7,$92.7,$91.71
08/01/2017,$92.7,2022332,$92.6,$92.71,$91.95
07/31/2017,$92.71,1595475,$92.5,$93.22,$92.31
07/28/2017,$92.3,1126532,$91.49,$92.41,$91.26
07/27/2017,$92,1578660,$92.67,$92.69,$90.76
07/26/2017,$92.36,795211,$92.53,$92.53,$91.88
07/25/2017,$92.38,736296,$92.27,$92.85,$91.8
07/24/2017,$92.29,808821,$92.14,$92.45,$91.84
07/21/2017,$92.27,1031710,$92.3,$92.47,$91.83
07/20/2017,$92.54,1536529,$92.49,$92.73,$91.98
07/19/2017,$92.26,1417926,$91.35,$92.27,$90.84
07/18/2017,$91.01,1599337,$91.1,$91.1,$90.19
07/17/2017,$91.05,2328703,$88.51,$91.14,$88.11
07/14/2017,$88.37,601804,$88.94,$89,$88
07/13/2017,$88.5,983461,$89,$89.19,$88
07/12/2017,$88.78,1048924,$88.93,$89.19,$88.45
07/11/2017,$88.56,1312894,$88.22,$89,$87.75
07/10/2017,$88.34,1133992,$88.13,$88.45,$87.54
07/07/2017,$88.19,1071535,$87.93,$88.715,$87.715
07/06/2017,$87.51,1543412,$86.65,$87.65,$86.2
07/05/2017,$87.25,1417258,$85.92,$87.5,$85.7
07/03/2017,$85.89,917770,$87.87,$87.915,$85.84
06/30/2017,$87.43,1143749,$87.13,$87.75,$86.91
06/29/2017,$87.05,2106433,$89.06,$89.3,$85.95
06/28/2017,$89.58,1128204,$89.67,$90.2071,$88.9868
06/27/2017,$89.25,1570328,$90.42,$90.84,$89.18
06/26/2017,$90.66,1135661,$91.14,$91.67,$90.575
06/23/2017,$90.92,3012752,$90.5,$91.35,$90.2
06/22/2017,$90.44,1039217,$90.08,$90.81,$89.6
06/21/2017,$90.01,2399405,$89.88,$90.11,$89.38
06/20/2017,$88.22,1302177,$88.93,$88.98,$88.175
06/19/2017,$88.78,992080,$88.95,$89.035,$88.26
06/16/2017,$88.1,2368409,$87.71,$88.3,$87.5
06/15/2017,$87.73,2026925,$87,$87.76,$86.25
06/14/2017,$87.95,1736946,$88.95,$89.19,$87.24
06/13/2017,$88.81,2546537,$88.13,$88.88,$87.28
06/12/2017,$87.36,3063154,$86.31,$88.05,$85.45
06/09/2017,$87.63,3264303,$90.55,$91.13,$86.8
06/08/2017,$90.61,3846911,$92.62,$92.62,$88.67
06/07/2017,$92.85,2180737,$91.95,$92.97,$91.8285
06/06/2017,$92.08,2678476,$92.04,$92.53,$91.39
06/05/2017,$91.9,4644461,$94.71,$95.34,$91.72
06/02/2017,$95.36,4323759,$94.84,$96.69,$93.57
06/01/2017,$97.4,3326459,$97.85,$98,$96.23
05/31/2017,$97.15,2924096,$97.69,$97.69,$95.75
05/30/2017,$96.74,1455196,$96.95,$97.78,$96.33
05/26/2017,$96.81,823796,$96.84,$97.2,$96.11
05/25/2017,$96.77,875702,$96.54,$97.36,$96.23
05/24/2017,$96.02,1234553,$95.29,$96.13,$94.93
05/23/2017,$94.87,1152595,$95.5,$96.11,$94.34
05/22/2017,$95.24,1440288,$92.66,$95.42,$92.62
05/19/2017,$92.52,956413,$93.21,$93.96,$92.231
05/18/2017,$92.28,1137363,$92.27,$92.5599,$91.29
05/17/2017,$92.27,1113120,$93.65,$94,$92.23
05/16/2017,$94.64,988911,$95,$95.47,$94.42
05/15/2017,$94.65,1265703,$93.25,$94.65,$92.91
05/12/2017,$93.2,1330876,$93.61,$93.79,$92.93
05/11/2017,$93.49,740858,$93.76,$94.2599,$93.08
05/10/2017,$94.15,819499,$94.03,$94.42,$93.35
05/09/2017,$94.06,887823,$94.76,$95.17,$93.965
05/08/2017,$94.59,1101817,$93.91,$95.01,$93.88
05/05/2017,$93.97,1104558,$93.04,$93.99,$92.76
05/04/2017,$92.82,851567,$92.77,$92.91,$92.0536
05/03/2017,$92.63,920860,$93.21,$93.6359,$92.42
05/02/2017,$93.4,1385454,$94.17,$94.21,$93.02
05/01/2017,$94.58,2432518,$94.5,$94.82,$93
04/28/2017,$94.12,1063586,$94.14,$94.49,$93.38
04/27/2017,$94.25,819810,$94.02,$94.29,$93.625
04/26/2017,$93.91,1445267,$93.01,$94.2399,$92.89
04/25/2017,$93,1957110,$93.44,$93.57,$92.45
04/24/2017,$93.07,1590035,$92,$93.14,$91.55
04/21/2017,$90.85,2202795,$91.96,$91.9999,$90.56
04/20/2017,$91.86,972873,$91.65,$92.36,$91.03
04/19/2017,$91.81,829511,$91.94,$92,$91.52
04/18/2017,$91.69,1337287,$91.37,$92.31,$91.03
04/17/2017,$91.33,1022695,$91,$91.56,$90.69
04/13/2017,$90.81,791719,$91,$91.73,$90.76
04/12/2017,$91.22,748177,$92.39,$92.39,$91.115
04/11/2017,$92.43,963396,$92.42,$92.69,$91.69
04/10/2017,$92.52,1122776,$92.11,$92.73,$91.8
04/07/2017,$92.33,1461628,$91.74,$92.42,$91.3
04/06/2017,$91.52,1121660,$91.33,$91.67,$90.84
04/05/2017,$91.15,1666759,$92.25,$92.6,$91.09
04/04/2017,$92.23,1137142,$91.7,$92.45,$91.54
04/03/2017,$91.67,1274792,$92.01,$92.83,$91.09
03/31/2017,$92.14,1404716,$91.5,$92.21,$91.15
03/30/2017,$91.42,1263586,$92,$92.89,$91.29
03/29/2017,$91.84,1021320,$91.92,$92.11,$91
03/28/2017,$92.14,1282756,$92.06,$92.84,$91.75
03/27/2017,$91.9,1377926,$90.83,$92.27,$90.01
03/24/2017,$91.73,992286,$91.62,$92.48,$91.2
03/23/2017,$91.14,858118,$91.11,$92.08,$90.76
03/22/2017,$91.25,1011302,$90.1,$91.53,$89.96
03/21/2017,$90.12,1340991,$92.72,$92.95,$89.98
03/20/2017,$92.61,1205609,$92.53,$93.05,$92.1524
03/17/2017,$92.6,1424816,$92.1,$93,$92.1
03/16/2017,$92.07,1475219,$91.5,$92.12,$90.84
03/15/2017,$91.09,1450896,$90.25,$91.47,$89.79
03/14/2017,$90.38,971741,$89.88,$90.52,$89.13
03/13/2017,$89.88,1321755,$89.94,$90.6399,$89.67
03/10/2017,$89.9,955263,$89.56,$89.99,$89.09
03/09/2017,$89.33,880014,$89.29,$89.65,$88.685
03/08/2017,$89.74,1027221,$89.22,$90.33,$88.77
03/07/2017,$89.33,1567322,$89,$90.04,$88.96
03/06/2017,$88.86,1868520,$89.44,$89.69,$88.55
03/03/2017,$89.69,1837994,$89.84,$89.98,$89.01
03/02/2017,$89.7,1412343,$90.75,$90.91,$89.68
03/01/2017,$90.76,1071067,$90.86,$91.36,$90.02
02/28/2017,$89.89,1273672,$90.23,$90.51,$89.76
02/27/2017,$90.57,624973,$90.61,$90.96,$90.12
02/24/2017,$91.01,600620,$90.56,$91.045,$90.1
02/23/2017,$90.74,681037,$92.08,$92.09,$90.67
02/22/2017,$91.76,1079077,$92.02,$92.26,$91.2645
02/21/2017,$92.35,1333830,$91.2,$92.35,$91
02/17/2017,$91.22,1300717,$90.58,$91.6,$90.5
02/16/2017,$90.95,916197,$91.06,$91.46,$90.5
02/15/2017,$90.76,948599,$90.62,$91.1,$90.37
02/14/2017,$90.62,922715,$90.25,$90.88,$90.1
02/13/2017,$90.37,1155889,$89.85,$90.76,$89.6253
02/10/2017,$89.92,1082660,$90.11,$90.49,$89.651
02/09/2017,$89.99,1090621,$90,$90.805,$89.65
02/08/2017,$89.76,1198360,$89.67,$89.91,$89.21
02/07/2017,$89.47,1251340,$89.32,$90.32,$89.18
02/06/2017,$89.37,1090085,$88.8,$89.735,$88.66
02/03/2017,$88.95,1143548,$88.04,$89.17,$88
02/02/2017,$88,1469745,$87.01,$88.47,$86.52
02/01/2017,$87.19,1995191,$86.65,$87.5,$86.4357
01/31/2017,$87.54,1728073,$86.41,$87.55,$86.07
01/30/2017,$87.03,2551790,$87.43,$87.5,$85.71
01/27/2017,$87.16,5694302,$87.55,$89.5,$86.23
01/26/2017,$84.22,2684540,$85.52,$85.52,$83.66
01/25/2017,$84.9,1894355,$84.93,$85.23,$83.9
01/24/2017,$84.62,1978198,$82.55,$84.7,$82.55
01/23/2017,$82.05,1674894,$82.69,$82.77,$81.2609
01/20/2017,$82.64,2148568,$83.02,$83.82,$82.64
01/19/2017,$82.69,1339668,$82.7,$83.47,$82.39
01/18/2017,$82.78,1015383,$82,$82.84,$81.43
01/17/2017,$81.49,1449083,$82.05,$83.12,$81.115
01/13/2017,$82.01,1109660,$81.54,$82.38,$81.48
01/12/2017,$81.78,1131514,$82.18,$82.18,$80.9
01/11/2017,$82.1,1355009,$81.61,$82.26,$81.31
01/10/2017,$81.48,1131209,$80.95,$82.06,$80.54
01/09/2017,$80.55,2027445,$80.71,$80.99,$79.485
01/06/2017,$81.5,1177856,$79.69,$81.55,$79.69
01/05/2017,$79.46,858409,$79.29,$79.6,$78.56
01/04/2017,$79.49,1227365,$79.18,$79.765,$78.92
01/03/2017,$78.88,1232452,$78.33,$79.51,$77.94
12/30/2016,$78.73,744732,$79,$79.39,$78.4575
12/29/2016,$79.11,921554,$79.45,$79.65,$78.2742
12/28/2016,$79.47,875288,$80.23,$80.89,$79.16
12/27/2016,$80.21,842427,$80.35,$80.68,$79.89
12/23/2016,$80.12,933160,$79.45,$80.2,$79.18
12/22/2016,$79.54,1669989,$81.74,$81.74,$79.23
12/21/2016,$81.91,795466,$81.77,$82.2,$81.06
12/20/2016,$81.86,883094,$81.66,$82.4,$81.6
12/19/2016,$81.38,1026637,$80.82,$81.78,$80.62
12/16/2016,$80.79,3167423,$82.43,$82.58,$80.42
12/15/2016,$82.58,3874086,$80.99,$83,$80.57
12/14/2016,$80.92,1786753,$80.01,$81.22,$79.675
12/13/2016,$80.02,920967,$80.47,$81.31,$79.94
12/12/2016,$80.34,1148217,$80.43,$80.71,$79.59
12/09/2016,$80.58,1193618,$81,$81.34,$80.15
12/08/2016,$80.75,1593989,$81.16,$81.95,$80.47
12/07/2016,$81.16,1712573,$80.6,$81.33,$79.78
12/06/2016,$80.55,1239426,$80.16,$80.72,$79.38
12/05/2016,$80.21,1288974,$79,$80.44,$78.79
12/02/2016,$78.76,1673596,$77.14,$79.13,$76.811
12/01/2016,$78.04,2806942,$81.14,$81.43,$77.53
11/30/2016,$81.14,1341432,$81.61,$81.84,$81.03
11/29/2016,$81.61,1994779,$80,$81.81,$79.58
11/28/2016,$79.88,934630,$79.85,$80.39,$79.54
11/25/2016,$79.8,262482,$79.44,$79.96,$79.28
11/23/2016,$79.35,1029297,$80.27,$80.69,$79.21
11/22/2016,$80.19,1104553,$80.4,$80.87,$79.575
11/21/2016,$80.4,1339206,$80.05,$80.88,$80.04
11/18/2016,$80.14,1756610,$80,$80.34,$79.6
11/17/2016,$79.97,1855421,$78.59,$79.97,$78.42
11/16/2016,$78.47,1076519,$77.75,$78.61,$77.715
11/15/2016,$78.25,2416134,$76.27,$78.32,$76.09
11/14/2016,$75.82,2226139,$76.5,$76.95,$74.85
11/11/2016,$76.44,1149053,$76.75,$76.89,$76.144
11/10/2016,$76.82,1965896,$77.13,$78.52,$76.11
11/09/2016,$76.97,2051168,$76.46,$77.97,$76.18
11/08/2016,$77.46,1499557,$77.92,$78.04,$77.29
11/07/2016,$77.89,1792567,$77.68,$78.53,$77.52
11/04/2016,$76.79,1907987,$77.38,$78.22,$76.69
11/03/2016,$77.73,1422455,$79,$79,$77.571
11/02/2016,$78.27,1896911,$77.45,$78.655,$77.45
11/01/2016,$77.97,2450870,$78.9,$79.15,$77.62
10/31/2016,$78.6,3183876,$78,$78.68,$77.855
10/28/2016,$77.65,4281471,$75.98,$77.87,$75.76
10/27/2016,$75.77,7116663,$77.12,$77.98,$75.51
10/26/2016,$73.31,2608775,$72.86,$73.56,$72.8
10/25/2016,$73.2,1664086,$74.15,$74.15,$72.735
10/24/2016,$73.97,1721140,$74.26,$74.33,$73.34
10/21/2016,$72.91,1054416,$73.42,$73.48,$72.653
10/20/2016,$73.26,1157031,$73.32,$73.83,$72.92
10/19/2016,$73.49,1011967,$73.09,$73.54,$72.905
10/18/2016,$73.13,907609,$73.61,$73.75,$72.655
10/17/2016,$72.87,958173,$72.9,$73.17,$72.48
10/14/2016,$72.98,1470751,$73.53,$73.66,$72.92
10/13/2016,$73.03,1488784,$72.73,$73.34,$72.27
10/12/2016,$73.21,1697147,$72.79,$73.51,$72.7
10/11/2016,$73.4,1930099,$73.22,$73.68,$72.34
10/10/2016,$73.15,1380585,$74.09,$74.29,$73.13
